INSERT INTO users (id, first_name, last_name, email, role, gender)
VALUES (1, 'Rick', 'Sanchez', 'rick@sanchez.com', 'ADMIN', 'MALE'),
       (2, 'Morty', 'Smith', 'morty@smith.com', 'CUSTOMER', 'MALE'),
       (3, 'Summer', 'Smith', 'summer@smith.com', 'CUSTOMER', 'FEMALE');

INSERT INTO warehouses (id, uuid, created_at, updated_at, name, spec_type, address_id)
VALUES (1, 'WH1', NOW(), NOW(), 'Byfleet', 'REGULAR', 1),
       (2, 'WH2', NOW(), NOW(), 'Bromley ', 'REGULAR', 2),
       (3, 'WH3', NOW(), NOW(), 'Bow ', 'PREMIUM', 3),
       (4, 'WH4', NOW(), NOW(), 'Beckenham ', 'PREMIUM', 4),
       (5, 'WH5', NOW(), NOW(), 'Battersea ', 'PREMIUM', 5),
       (6, 'WH6', NOW(), NOW(), 'Barking ', 'PREMIUM', 6),
       (7, 'WH7', NOW(), NOW(), 'Balham', 'PREMIUM', 7),
       (8, 'WH8', NOW(), NOW(), 'Croydon ', 'PREMIUM', 8),
       (9, 'WH9', NOW(), NOW(), 'Chiswick ', 'PREMIUM', 9),
       (10, 'WH10', NOW(), NOW(), 'Camberwell', 'PREMIUM', 10),
       (11, 'WH11', NOW(), NOW(), 'Enfield ', 'PREMIUM', 11),
       (12, 'WH12', NOW(), NOW(), 'Eltham ', 'PREMIUM', 12),
       (13, 'WH13', NOW(), NOW(), 'Edmonton ', 'PREMIUM', 13),
       (14, 'WH14', NOW(), NOW(), 'Ealing ', 'PREMIUM', 14),
       (15, 'WH15', NOW(), NOW(), 'Dagenham ', 'PREMIUM', 15),
       (16, 'WH16', NOW(), NOW(), 'Ilford ', 'PREMIUM', 16),
       (17, 'WH17', NOW(), NOW(), 'Hounslow ', 'PREMIUM', 17),
       (18, 'WH18', NOW(), NOW(), 'Hanger', 'PREMIUM', 18),
       (19, 'WH19', NOW(), NOW(), 'Gypsy Corner', 'PREMIUM', 19),
       (20, 'WH20', NOW(), NOW(), 'Fulham', 'REGULAR', 20),
       (21, 'WH21', NOW(), NOW(), 'Finchley North', 'REGULAR', 21),
       (22, 'WH22', NOW(), NOW(), 'Finchley East ', 'REGULAR', 22),
       (23, 'WH23', NOW(), NOW(), 'Sheen', 'REGULAR', 23),
       (24, 'WH24', NOW(), NOW(), 'Romford', 'REGULAR', 24),
       (25, 'WH25', NOW(), NOW(), 'Richmond ', 'REGULAR', 25),
       (26, 'WH26', NOW(), NOW(), 'Orpington ', 'REGULAR', 26),
       (27, 'WH27', NOW(), NOW(), 'North Kensington ', 'REGULAR', 27),
       (28, 'WH28', NOW(), NOW(), 'Nine Elms', 'REGULAR', 28),
       (29, 'WH29', NOW(), NOW(), 'New Malden ', 'REGULAR', 29),
       (30, 'WH30', NOW(), NOW(), 'New Cross ', 'REGULAR', 30),
       (31, 'WH31', NOW(), NOW(), 'Merton ', 'REGULAR', 31),
       (32, 'WH32', NOW(), NOW(), 'Kingston ', 'REGULAR', 32),
       (33, 'WH33', NOW(), NOW(), 'Kennington ', 'REGULAR', 33),
       (34, 'WH34', NOW(), NOW(), 'West Norwood ', 'REGULAR', 34),
       (35, 'WH35', NOW(), NOW(), 'West Molesey ', 'REGULAR', 35),
       (36, 'WH36', NOW(), NOW(), 'Watford ', 'REGULAR', 36),
       (37, 'WH37', NOW(), NOW(), 'Wapping', 'REGULAR', 37),
       (38, 'WH38', NOW(), NOW(), 'Wandsworth ', 'REGULAR', 38),
       (39, 'WH39', NOW(), NOW(), 'Twickenham ', 'REGULAR', 39),
       (40, 'WH40', NOW(), NOW(), 'Tolworth ', 'REGULAR', 40),
       (41, 'WH41', NOW(), NOW(), 'Sutton ', 'REGULAR', 41),
       (42, 'WH42', NOW(), NOW(), 'Staples Corner', 'REGULAR', 42);

INSERT INTO address (id, city, street, postcode)
VALUES (1, 'Surrey', '113-115 Oyster Lane', 'KT14 7JZ'),
       (2, 'Kent', '12 Farwig Lane', 'BR1 3RB'),
       (3, 'London', '400 Wick Lane', 'E3 2JG'),
       (4, 'Kent', '1 Croydon Road', 'BR3 4AA'),
       (5, 'London', '55 Lombard Road', 'SW11 3RX'),
       (6, 'London', 'Hertford Road', 'IG11 8BL'),
       (7, 'London', '7 Weir Road', 'SW12 0LT'),
       (8, 'London', '202 - 216 Thornton Road', 'CR0 3EU'),
       (9, 'Middlesex', '961 Great West Road', 'TW8 9FX'),
       (10, 'London', '49-65 Southampton Way', 'SE5 7SW'),
       (11, 'London', '1 Progress Way', 'EN1 1FT'),
       (12, 'London', '400 Westhorne Avenue', 'SE9 5LT'),
       (13, 'London', '8 Advent Way', 'N18 3AF'),
       (14, 'London', '399 Uxbridge Road', 'UB1 3EW'),
       (15, 'Barking', '25 Alfreds Way', 'IG11 0AG'),
       (16, 'Essex', '374 Eastern Avenue', 'IG2 6NW'),
       (17, 'Middlesex', '179 - 191 Staines Road', 'TW3 3LL'),
       (18, 'London', 'Quill Street', 'W5 1DN'),
       (19, 'London', '12 Jenner Avenue', 'W3 6EQ'),
       (20, 'London', '71 Townmead Road', 'SW6 2ST'),
       (21, 'London', '447 High Road', 'N12 0AF'),
       (22, 'London', '401 High Road', 'N2 8HS'),
       (23, 'Surrey', '197 Lower Richmond Road', 'TW9 4LN'),
       (24, 'Essex', 'Ashton Road', 'RM3 8NF'),
       (25, 'Surrey', 'Lower Mortlake Road', 'TW9 2JX'),
       (26, 'Orpington', 'Cray Avenue', 'BR5 3PX'),
       (27, 'London', '149 Scrubs Lane', 'NW10 6RH'),
       (28, 'London', '120 - 170 Stewarts Road', 'SW8 4UB'),
       (29, 'New Malden', 'Beverley Way', 'KT3 4PH'),
       (30, 'London', '155 Lewisham Way', 'SE14 6QP'),
       (31, 'London', '61 Morden Road', 'SW19 3BE'),
       (32, 'Surrey', '163 London Road', 'KT2 6NU'),
       (33, 'London', '289 Kennington Lane', 'SE11 5QY'),
       (34, 'London', '107 Knights Hill', 'SE27 0SP'),
       (35, 'West Molesey', '36 Central Avenue', 'KT8 2QZ'),
       (36, 'Hertfordshire', '1 Ascot Road', 'WD18 8AL'),
       (37, 'London', '100 The Highway ', 'E1W 2BX'),
       (38, 'London', '100 Garratt Lane', 'SW18 4DJ'),
       (39, 'Middlesex', '1A Rugby Road ', 'TW1 1DG'),
       (40, 'Surrey', '225 Hook Rise South', 'KT6 7LD'),
       (41, 'Surrey', '12 Kimpton Park Way', 'SM3 9QS'),
       (42, 'London', '1000 North Circular Road', 'NW2 7JP');


INSERT INTO storage_rooms (id, uuid, created_at, updated_at, storage_size, reserved, warehouse_id)
VALUES (1, 'SR1', NOW(), NOW(), 'TELEPHONE_BOX', FALSE, 1),
       (2, 'SR2', NOW(), NOW(), 'LARGE_WALK_IN_WARDROBE', FALSE, 1),
       (3, 'SR3', NOW(), NOW(), 'GARDEN_SHED', FALSE, 1),
       (4, 'SR4', NOW(), NOW(), 'LARGE_GARDEN_SHED', FALSE, 1),
       (5, 'SR5', NOW(), NOW(), 'LUTON_VAN', FALSE, 1),
       (6, 'SR6', NOW(), NOW(), 'LARGE_SINGLE_GARAGE', FALSE, 1),
       (7, 'SR7', NOW(), NOW(), 'ONE_AND_HALF_GARAGES', FALSE, 1),
       (8, 'SR8', NOW(), NOW(), 'STANDARD_DOUBLE_GARAGE', FALSE, 1),
       (9, 'SR9', NOW(), NOW(), 'LARGE_DOUBLE_GARAGE', FALSE, 1),
       (10, 'SR10', NOW(), NOW(), 'THREE_SINGLE_GARAGES', FALSE, 1),
       (11, 'SR11', NOW(), NOW(), 'TWO_DOUBLE_GARAGES', FALSE, 1),
       (12, 'SR12', NOW(), NOW(), 'TWO_SHIPPING_CONTAINERS', FALSE, 1),

       (13, 'SR13', NOW(), NOW(), 'TELEPHONE_BOX', FALSE, 2),
       (14, 'SR14', NOW(), NOW(), 'LARGE_WALK_IN_WARDROBE', FALSE, 2),
       (15, 'SR15', NOW(), NOW(), 'GARDEN_SHED', FALSE, 2),
       (16, 'SR16', NOW(), NOW(), 'LARGE_GARDEN_SHED', FALSE, 2),
       (17, 'SR17', NOW(), NOW(), 'LUTON_VAN', FALSE, 2),
       (18, 'SR18', NOW(), NOW(), 'LARGE_SINGLE_GARAGE', FALSE, 2),
       (19, 'SR19', NOW(), NOW(), 'ONE_AND_HALF_GARAGES', FALSE, 2),
       (20, 'SR20', NOW(), NOW(), 'STANDARD_DOUBLE_GARAGE', FALSE, 2),
       (21, 'SR21', NOW(), NOW(), 'LARGE_DOUBLE_GARAGE', FALSE, 2),
       (22, 'SR22', NOW(), NOW(), 'THREE_SINGLE_GARAGES', FALSE, 2),
       (23, 'SR23', NOW(), NOW(), 'TWO_DOUBLE_GARAGES', FALSE, 2),
       (24, 'SR24', NOW(), NOW(), 'TWO_SHIPPING_CONTAINERS', FALSE, 2),

       (25, 'SR25', NOW(), NOW(), 'LARGE_WALK_IN_WARDROBE', FALSE, 3),
       (26, 'SR26', NOW(), NOW(), 'GARDEN_SHED', FALSE, 3),
       (27, 'SR27', NOW(), NOW(), 'LARGE_GARDEN_SHED', FALSE, 3),
       (28, 'SR28', NOW(), NOW(), 'LUTON_VAN', FALSE, 3),
       (29, 'SR29', NOW(), NOW(), 'LARGE_SINGLE_GARAGE', FALSE, 3),
       (30, 'SR30', NOW(), NOW(), 'ONE_AND_HALF_GARAGES', FALSE, 3),
       (31, 'SR31', NOW(), NOW(), 'STANDARD_DOUBLE_GARAGE', FALSE, 3),
       (32, 'SR32', NOW(), NOW(), 'LARGE_DOUBLE_GARAGE', FALSE, 3),
       (33, 'SR33', NOW(), NOW(), 'THREE_SINGLE_GARAGES', FALSE, 3),
       (34, 'SR34', NOW(), NOW(), 'TWO_DOUBLE_GARAGES', FALSE, 3),
       (35, 'SR35', NOW(), NOW(), 'TWO_SHIPPING_CONTAINERS', FALSE, 3),

       (36, 'SR36', NOW(), NOW(), 'TELEPHONE_BOX', FALSE, 4),
       (37, 'SR37', NOW(), NOW(), 'LARGE_WALK_IN_WARDROBE', FALSE, 4),
       (38, 'SR38', NOW(), NOW(), 'GARDEN_SHED', FALSE, 4),
       (39, 'SR39', NOW(), NOW(), 'LARGE_GARDEN_SHED', FALSE, 4),
       (40, 'SR40', NOW(), NOW(), 'LUTON_VAN', FALSE, 4),
       (41, 'SR41', NOW(), NOW(), 'LARGE_SINGLE_GARAGE', FALSE, 4),
       (42, 'SR42', NOW(), NOW(), 'ONE_AND_HALF_GARAGES', FALSE, 4),
       (43, 'SR43', NOW(), NOW(), 'STANDARD_DOUBLE_GARAGE', FALSE, 4),
       (44, 'SR44', NOW(), NOW(), 'LARGE_DOUBLE_GARAGE', FALSE, 4),
       (45, 'SR45', NOW(), NOW(), 'THREE_SINGLE_GARAGES', FALSE, 4),
       (46, 'SR46', NOW(), NOW(), 'TWO_DOUBLE_GARAGES', FALSE, 4),
       (47, 'SR47', NOW(), NOW(), 'TWO_SHIPPING_CONTAINERS', FALSE, 4),

       (48, 'SR48', NOW(), NOW(), 'TELEPHONE_BOX', FALSE, 5),
       (49, 'SR49', NOW(), NOW(), 'LARGE_WALK_IN_WARDROBE', FALSE, 5),
       (50, 'SR50', NOW(), NOW(), 'GARDEN_SHED', FALSE, 5),
       (51, 'SR51', NOW(), NOW(), 'LARGE_GARDEN_SHED', FALSE, 5),
       (52, 'SR52', NOW(), NOW(), 'LUTON_VAN', FALSE, 5),
       (53, 'SR53', NOW(), NOW(), 'LARGE_SINGLE_GARAGE', FALSE, 5),
       (54, 'SR54', NOW(), NOW(), 'ONE_AND_HALF_GARAGES', FALSE, 5),
       (55, 'SR55', NOW(), NOW(), 'STANDARD_DOUBLE_GARAGE', FALSE, 5),
       (56, 'SR56', NOW(), NOW(), 'LARGE_DOUBLE_GARAGE', FALSE, 5),
       (57, 'SR57', NOW(), NOW(), 'THREE_SINGLE_GARAGES', FALSE, 5),
       (58, 'SR58', NOW(), NOW(), 'TWO_DOUBLE_GARAGES', FALSE, 5),
       (59, 'SR59', NOW(), NOW(), 'TWO_SHIPPING_CONTAINERS', FALSE, 5),

       (60, 'SR60', NOW(), NOW(), 'TELEPHONE_BOX', FALSE, 6),
       (61, 'SR61', NOW(), NOW(), 'LARGE_WALK_IN_WARDROBE', FALSE, 6),
       (62, 'SR62', NOW(), NOW(), 'GARDEN_SHED', FALSE, 6),
       (63, 'SR63', NOW(), NOW(), 'LARGE_GARDEN_SHED', FALSE, 6),
       (64, 'SR64', NOW(), NOW(), 'LUTON_VAN', FALSE, 6),
       (65, 'SR65', NOW(), NOW(), 'LARGE_SINGLE_GARAGE', FALSE, 6),
       (66, 'SR66', NOW(), NOW(), 'ONE_AND_HALF_GARAGES', FALSE, 6),
       (67, 'SR67', NOW(), NOW(), 'STANDARD_DOUBLE_GARAGE', FALSE, 6),
       (68, 'SR68', NOW(), NOW(), 'LARGE_DOUBLE_GARAGE', FALSE, 6),
       (69, 'SR69', NOW(), NOW(), 'THREE_SINGLE_GARAGES', FALSE, 6),
       (70, 'SR70', NOW(), NOW(), 'TWO_DOUBLE_GARAGES', FALSE, 6),
       (71, 'SR71', NOW(), NOW(), 'TWO_SHIPPING_CONTAINERS', FALSE, 6),

       (72, 'SR72', NOW(), NOW(), 'TELEPHONE_BOX', FALSE, 7),
       (73, 'SR73', NOW(), NOW(), 'LARGE_WALK_IN_WARDROBE', FALSE, 7),
       (74, 'SR74', NOW(), NOW(), 'GARDEN_SHED', FALSE, 7),
       (75, 'SR75', NOW(), NOW(), 'LARGE_GARDEN_SHED', FALSE, 7),
       (76, 'SR76', NOW(), NOW(), 'LUTON_VAN', FALSE, 7),
       (77, 'SR77', NOW(), NOW(), 'LARGE_SINGLE_GARAGE', FALSE, 7),
       (78, 'SR78', NOW(), NOW(), 'ONE_AND_HALF_GARAGES', FALSE, 7),
       (79, 'SR79', NOW(), NOW(), 'STANDARD_DOUBLE_GARAGE', FALSE, 7),
       (80, 'SR80', NOW(), NOW(), 'LARGE_DOUBLE_GARAGE', FALSE, 7),
       (81, 'SR81', NOW(), NOW(), 'THREE_SINGLE_GARAGES', FALSE, 7),
       (82, 'SR82', NOW(), NOW(), 'TWO_DOUBLE_GARAGES', FALSE, 7),
       (83, 'SR83', NOW(), NOW(), 'TWO_SHIPPING_CONTAINERS', FALSE, 7),

       (84, 'SR84', NOW(), NOW(), 'TELEPHONE_BOX', FALSE, 8),
       (85, 'SR85', NOW(), NOW(), 'LARGE_WALK_IN_WARDROBE', FALSE, 8),
       (86, 'SR86', NOW(), NOW(), 'GARDEN_SHED', FALSE, 8),
       (87, 'SR87', NOW(), NOW(), 'LARGE_GARDEN_SHED', FALSE, 8),
       (88, 'SR88', NOW(), NOW(), 'LUTON_VAN', FALSE, 8),
       (89, 'SR89', NOW(), NOW(), 'LARGE_SINGLE_GARAGE', FALSE, 8),
       (90, 'SR90', NOW(), NOW(), 'ONE_AND_HALF_GARAGES', FALSE, 8),
       (91, 'SR91', NOW(), NOW(), 'STANDARD_DOUBLE_GARAGE', FALSE, 8),
       (92, 'SR92', NOW(), NOW(), 'LARGE_DOUBLE_GARAGE', FALSE, 8),
       (93, 'SR93', NOW(), NOW(), 'THREE_SINGLE_GARAGES', FALSE, 8),
       (94, 'SR94', NOW(), NOW(), 'TWO_DOUBLE_GARAGES', FALSE, 8),
       (95, 'SR95', NOW(), NOW(), 'TWO_SHIPPING_CONTAINERS', FALSE, 8),

       (96, 'SR96', NOW(), NOW(), 'TELEPHONE_BOX', FALSE, 9),
       (97, 'SR97', NOW(), NOW(), 'LARGE_WALK_IN_WARDROBE', FALSE, 9),
       (98, 'SR98', NOW(), NOW(), 'GARDEN_SHED', FALSE, 9),
       (99, 'SR99', NOW(), NOW(), 'LARGE_GARDEN_SHED', FALSE, 9),
       (100, 'SR100', NOW(), NOW(), 'LUTON_VAN', FALSE, 9),
       (101, 'SR101', NOW(), NOW(), 'LARGE_SINGLE_GARAGE', FALSE, 9),
       (102, 'SR102', NOW(), NOW(), 'ONE_AND_HALF_GARAGES', FALSE, 9),
       (103, 'SR103', NOW(), NOW(), 'STANDARD_DOUBLE_GARAGE', FALSE, 9),
       (104, 'SR104', NOW(), NOW(), 'LARGE_DOUBLE_GARAGE', FALSE, 9),
       (105, 'SR105', NOW(), NOW(), 'THREE_SINGLE_GARAGES', FALSE, 9),
       (106, 'SR106', NOW(), NOW(), 'TWO_DOUBLE_GARAGES', FALSE, 9),
       (107, 'SR107', NOW(), NOW(), 'TWO_SHIPPING_CONTAINERS', FALSE, 9),

       (108, 'SR108', NOW(), NOW(), 'TELEPHONE_BOX', FALSE, 10),
       (109, 'SR109', NOW(), NOW(), 'LARGE_WALK_IN_WARDROBE', FALSE, 10),
       (110, 'SR110', NOW(), NOW(), 'GARDEN_SHED', FALSE, 10),
       (111, 'SR111', NOW(), NOW(), 'LARGE_GARDEN_SHED', FALSE, 10),
       (112, 'SR112', NOW(), NOW(), 'LUTON_VAN', FALSE, 10),
       (113, 'SR113', NOW(), NOW(), 'LARGE_SINGLE_GARAGE', FALSE, 10),
       (114, 'SR114', NOW(), NOW(), 'ONE_AND_HALF_GARAGES', FALSE, 10),
       (115, 'SR115', NOW(), NOW(), 'STANDARD_DOUBLE_GARAGE', FALSE, 10),
       (116, 'SR116', NOW(), NOW(), 'LARGE_DOUBLE_GARAGE', FALSE, 10),
       (117, 'SR117', NOW(), NOW(), 'THREE_SINGLE_GARAGES', FALSE, 10),
       (118, 'SR118', NOW(), NOW(), 'TWO_DOUBLE_GARAGES', FALSE, 10),
       (119, 'SR119', NOW(), NOW(), 'TWO_SHIPPING_CONTAINERS', FALSE, 10),

       (120, 'SR120', NOW(), NOW(), 'TELEPHONE_BOX', FALSE, 11),
       (121, 'SR121', NOW(), NOW(), 'LARGE_WALK_IN_WARDROBE', FALSE, 11),
       (122, 'SR122', NOW(), NOW(), 'GARDEN_SHED', FALSE, 11),
       (123, 'SR123', NOW(), NOW(), 'LARGE_GARDEN_SHED', FALSE, 11),
       (124, 'SR124', NOW(), NOW(), 'LUTON_VAN', FALSE, 11),
       (125, 'SR125', NOW(), NOW(), 'LARGE_SINGLE_GARAGE', FALSE, 11),
       (126, 'SR126', NOW(), NOW(), 'ONE_AND_HALF_GARAGES', FALSE, 11),
       (127, 'SR127', NOW(), NOW(), 'STANDARD_DOUBLE_GARAGE', FALSE, 11),
       (128, 'SR128', NOW(), NOW(), 'LARGE_DOUBLE_GARAGE', FALSE, 11),
       (129, 'SR129', NOW(), NOW(), 'THREE_SINGLE_GARAGES', FALSE, 11),
       (130, 'SR130', NOW(), NOW(), 'TWO_DOUBLE_GARAGES', FALSE, 11),
       (131, 'SR131', NOW(), NOW(), 'TWO_SHIPPING_CONTAINERS', FALSE, 11),

       (132, 'SR132', NOW(), NOW(), 'TELEPHONE_BOX', FALSE, 12),
       (133, 'SR133', NOW(), NOW(), 'LARGE_WALK_IN_WARDROBE', FALSE, 12),
       (134, 'SR134', NOW(), NOW(), 'GARDEN_SHED', FALSE, 12),
       (135, 'SR135', NOW(), NOW(), 'LARGE_GARDEN_SHED', FALSE, 12),
       (136, 'SR136', NOW(), NOW(), 'LUTON_VAN', FALSE, 12),
       (137, 'SR137', NOW(), NOW(), 'LARGE_SINGLE_GARAGE', FALSE, 12),
       (138, 'SR138', NOW(), NOW(), 'ONE_AND_HALF_GARAGES', FALSE, 12),
       (139, 'SR139', NOW(), NOW(), 'STANDARD_DOUBLE_GARAGE', FALSE, 12),
       (140, 'SR140', NOW(), NOW(), 'LARGE_DOUBLE_GARAGE', FALSE, 12),
       (141, 'SR141', NOW(), NOW(), 'THREE_SINGLE_GARAGES', FALSE, 12),
       (142, 'SR142', NOW(), NOW(), 'TWO_DOUBLE_GARAGES', FALSE, 12),
       (143, 'SR143', NOW(), NOW(), 'TWO_SHIPPING_CONTAINERS', FALSE, 12),

       (144, 'SR144', NOW(), NOW(), 'TELEPHONE_BOX', FALSE, 13),
       (145, 'SR145', NOW(), NOW(), 'LARGE_WALK_IN_WARDROBE', FALSE, 13),
       (146, 'SR146', NOW(), NOW(), 'GARDEN_SHED', FALSE, 13),
       (147, 'SR147', NOW(), NOW(), 'LARGE_GARDEN_SHED', FALSE, 13),
       (148, 'SR148', NOW(), NOW(), 'LUTON_VAN', FALSE, 13),
       (149, 'SR149', NOW(), NOW(), 'LARGE_SINGLE_GARAGE', FALSE, 13),
       (150, 'SR150', NOW(), NOW(), 'ONE_AND_HALF_GARAGES', FALSE, 13),
       (151, 'SR151', NOW(), NOW(), 'STANDARD_DOUBLE_GARAGE', FALSE, 13),
       (152, 'SR152', NOW(), NOW(), 'LARGE_DOUBLE_GARAGE', FALSE, 13),
       (153, 'SR153', NOW(), NOW(), 'THREE_SINGLE_GARAGES', FALSE, 13),
       (154, 'SR154', NOW(), NOW(), 'TWO_DOUBLE_GARAGES', FALSE, 13),
       (155, 'SR155', NOW(), NOW(), 'TWO_SHIPPING_CONTAINERS', FALSE, 13),

       (156, 'SR156', NOW(), NOW(), 'TELEPHONE_BOX', FALSE, 14),
       (157, 'SR157', NOW(), NOW(), 'LARGE_WALK_IN_WARDROBE', FALSE, 14),
       (158, 'SR158', NOW(), NOW(), 'GARDEN_SHED', FALSE, 14),
       (159, 'SR159', NOW(), NOW(), 'LARGE_GARDEN_SHED', FALSE, 14),
       (160, 'SR160', NOW(), NOW(), 'LUTON_VAN', FALSE, 14),
       (161, 'SR161', NOW(), NOW(), 'LARGE_SINGLE_GARAGE', FALSE, 14),
       (162, 'SR162', NOW(), NOW(), 'ONE_AND_HALF_GARAGES', FALSE, 14),
       (163, 'SR163', NOW(), NOW(), 'STANDARD_DOUBLE_GARAGE', FALSE, 14),
       (164, 'SR164', NOW(), NOW(), 'LARGE_DOUBLE_GARAGE', FALSE, 14),
       (165, 'SR165', NOW(), NOW(), 'THREE_SINGLE_GARAGES', FALSE, 14),
       (166, 'SR166', NOW(), NOW(), 'TWO_DOUBLE_GARAGES', FALSE, 14),
       (167, 'SR167', NOW(), NOW(), 'TWO_SHIPPING_CONTAINERS', FALSE, 14),

       (168, 'SR168', NOW(), NOW(), 'TELEPHONE_BOX', FALSE, 15),
       (169, 'SR169', NOW(), NOW(), 'LARGE_WALK_IN_WARDROBE', FALSE, 15),
       (170, 'SR170', NOW(), NOW(), 'GARDEN_SHED', FALSE, 15),
       (171, 'SR171', NOW(), NOW(), 'LARGE_GARDEN_SHED', FALSE, 15),
       (172, 'SR172', NOW(), NOW(), 'LUTON_VAN', FALSE, 15),
       (173, 'SR173', NOW(), NOW(), 'LARGE_SINGLE_GARAGE', FALSE, 15),
       (174, 'SR174', NOW(), NOW(), 'ONE_AND_HALF_GARAGES', FALSE, 15),
       (175, 'SR175', NOW(), NOW(), 'STANDARD_DOUBLE_GARAGE', FALSE, 15),
       (176, 'SR176', NOW(), NOW(), 'LARGE_DOUBLE_GARAGE', FALSE, 15),
       (177, 'SR177', NOW(), NOW(), 'THREE_SINGLE_GARAGES', FALSE, 15),
       (178, 'SR178', NOW(), NOW(), 'TWO_DOUBLE_GARAGES', FALSE, 15),
       (179, 'SR179', NOW(), NOW(), 'TWO_SHIPPING_CONTAINERS', FALSE, 15),

       (180, 'SR180', NOW(), NOW(), 'TELEPHONE_BOX', FALSE, 16),
       (181, 'SR181', NOW(), NOW(), 'LARGE_WALK_IN_WARDROBE', FALSE, 16),
       (182, 'SR182', NOW(), NOW(), 'GARDEN_SHED', FALSE, 16),
       (183, 'SR183', NOW(), NOW(), 'LARGE_GARDEN_SHED', FALSE, 16),
       (184, 'SR184', NOW(), NOW(), 'LUTON_VAN', FALSE, 16),
       (185, 'SR185', NOW(), NOW(), 'LARGE_SINGLE_GARAGE', FALSE, 16),
       (186, 'SR186', NOW(), NOW(), 'ONE_AND_HALF_GARAGES', FALSE, 16),
       (187, 'SR187', NOW(), NOW(), 'STANDARD_DOUBLE_GARAGE', FALSE, 16),
       (188, 'SR188', NOW(), NOW(), 'LARGE_DOUBLE_GARAGE', FALSE, 16),
       (189, 'SR189', NOW(), NOW(), 'THREE_SINGLE_GARAGES', FALSE, 16),
       (190, 'SR190', NOW(), NOW(), 'TWO_DOUBLE_GARAGES', FALSE, 16),
       (191, 'SR191', NOW(), NOW(), 'TWO_SHIPPING_CONTAINERS', FALSE, 16),

       (192, 'SR192', NOW(), NOW(), 'TELEPHONE_BOX', FALSE, 17),
       (193, 'SR193', NOW(), NOW(), 'LARGE_WALK_IN_WARDROBE', FALSE, 17),
       (194, 'SR194', NOW(), NOW(), 'GARDEN_SHED', FALSE, 17),
       (195, 'SR195', NOW(), NOW(), 'LARGE_GARDEN_SHED', FALSE, 17),
       (196, 'SR196', NOW(), NOW(), 'LUTON_VAN', FALSE, 17),
       (197, 'SR197', NOW(), NOW(), 'LARGE_SINGLE_GARAGE', FALSE, 17),
       (198, 'SR198', NOW(), NOW(), 'ONE_AND_HALF_GARAGES', FALSE, 17),
       (199, 'SR199', NOW(), NOW(), 'STANDARD_DOUBLE_GARAGE', FALSE, 17),
       (200, 'SR200', NOW(), NOW(), 'LARGE_DOUBLE_GARAGE', FALSE, 17),
       (201, 'SR201', NOW(), NOW(), 'THREE_SINGLE_GARAGES', FALSE, 17),
       (202, 'SR202', NOW(), NOW(), 'TWO_DOUBLE_GARAGES', FALSE, 17),
       (203, 'SR203', NOW(), NOW(), 'TWO_SHIPPING_CONTAINERS', FALSE, 17),

       (204, 'SR204', NOW(), NOW(), 'TELEPHONE_BOX', FALSE, 18),
       (205, 'SR205', NOW(), NOW(), 'LARGE_WALK_IN_WARDROBE', FALSE, 18),
       (206, 'SR206', NOW(), NOW(), 'GARDEN_SHED', FALSE, 18),
       (207, 'SR207', NOW(), NOW(), 'LARGE_GARDEN_SHED', FALSE, 18),
       (208, 'SR208', NOW(), NOW(), 'LUTON_VAN', FALSE, 18),
       (209, 'SR209', NOW(), NOW(), 'LARGE_SINGLE_GARAGE', FALSE, 18),
       (210, 'SR210', NOW(), NOW(), 'ONE_AND_HALF_GARAGES', FALSE, 18),
       (211, 'SR211', NOW(), NOW(), 'STANDARD_DOUBLE_GARAGE', FALSE, 18),
       (212, 'SR212', NOW(), NOW(), 'LARGE_DOUBLE_GARAGE', FALSE, 18),
       (213, 'SR213', NOW(), NOW(), 'THREE_SINGLE_GARAGES', FALSE, 18),
       (214, 'SR214', NOW(), NOW(), 'TWO_DOUBLE_GARAGES', FALSE, 18),
       (215, 'SR215', NOW(), NOW(), 'TWO_SHIPPING_CONTAINERS', FALSE, 18),

       (216, 'SR216', NOW(), NOW(), 'TELEPHONE_BOX', FALSE, 19),
       (217, 'SR217', NOW(), NOW(), 'LARGE_WALK_IN_WARDROBE', FALSE, 19),
       (218, 'SR218', NOW(), NOW(), 'GARDEN_SHED', FALSE, 19),
       (219, 'SR219', NOW(), NOW(), 'LARGE_GARDEN_SHED', FALSE, 19),
       (220, 'SR220', NOW(), NOW(), 'LUTON_VAN', FALSE, 19),
       (221, 'SR221', NOW(), NOW(), 'LARGE_SINGLE_GARAGE', FALSE, 19),
       (222, 'SR222', NOW(), NOW(), 'ONE_AND_HALF_GARAGES', FALSE, 19),
       (223, 'SR223', NOW(), NOW(), 'STANDARD_DOUBLE_GARAGE', FALSE, 19),
       (224, 'SR224', NOW(), NOW(), 'LARGE_DOUBLE_GARAGE', FALSE, 19),
       (225, 'SR225', NOW(), NOW(), 'THREE_SINGLE_GARAGES', FALSE, 19),
       (226, 'SR226', NOW(), NOW(), 'TWO_DOUBLE_GARAGES', FALSE, 19),
       (227, 'SR227', NOW(), NOW(), 'TWO_SHIPPING_CONTAINERS', FALSE, 19),

       (228, 'SR228', NOW(), NOW(), 'TELEPHONE_BOX', FALSE, 20),
       (229, 'SR229', NOW(), NOW(), 'LARGE_WALK_IN_WARDROBE', FALSE, 20),
       (230, 'SR230', NOW(), NOW(), 'GARDEN_SHED', FALSE, 20),
       (231, 'SR231', NOW(), NOW(), 'LARGE_GARDEN_SHED', FALSE, 20),
       (232, 'SR232', NOW(), NOW(), 'LUTON_VAN', FALSE, 20),
       (233, 'SR233', NOW(), NOW(), 'LARGE_SINGLE_GARAGE', FALSE, 20),
       (234, 'SR234', NOW(), NOW(), 'ONE_AND_HALF_GARAGES', FALSE, 20),
       (235, 'SR235', NOW(), NOW(), 'STANDARD_DOUBLE_GARAGE', FALSE, 20),
       (236, 'SR236', NOW(), NOW(), 'LARGE_DOUBLE_GARAGE', FALSE, 20),
       (237, 'SR237', NOW(), NOW(), 'THREE_SINGLE_GARAGES', FALSE, 20),
       (238, 'SR238', NOW(), NOW(), 'TWO_DOUBLE_GARAGES', FALSE, 20),
       (239, 'SR239', NOW(), NOW(), 'TWO_SHIPPING_CONTAINERS', FALSE, 20),

       (240, 'SR240', NOW(), NOW(), 'TELEPHONE_BOX', FALSE, 21),
       (241, 'SR241', NOW(), NOW(), 'LARGE_WALK_IN_WARDROBE', FALSE, 21),
       (242, 'SR242', NOW(), NOW(), 'GARDEN_SHED', FALSE, 21),
       (243, 'SR243', NOW(), NOW(), 'LARGE_GARDEN_SHED', FALSE, 21),
       (244, 'SR244', NOW(), NOW(), 'LUTON_VAN', FALSE, 21),
       (245, 'SR245', NOW(), NOW(), 'LARGE_SINGLE_GARAGE', FALSE, 21),
       (246, 'SR246', NOW(), NOW(), 'ONE_AND_HALF_GARAGES', FALSE, 21),
       (247, 'SR247', NOW(), NOW(), 'STANDARD_DOUBLE_GARAGE', FALSE, 21),
       (248, 'SR248', NOW(), NOW(), 'LARGE_DOUBLE_GARAGE', FALSE, 21),
       (249, 'SR249', NOW(), NOW(), 'THREE_SINGLE_GARAGES', FALSE, 21),
       (250, 'SR250', NOW(), NOW(), 'TWO_DOUBLE_GARAGES', FALSE, 21),
       (251, 'SR251', NOW(), NOW(), 'TWO_SHIPPING_CONTAINERS', FALSE, 21),

       (252, 'SR252', NOW(), NOW(), 'TELEPHONE_BOX', FALSE, 22),
       (253, 'SR253', NOW(), NOW(), 'LARGE_WALK_IN_WARDROBE', FALSE, 22),
       (254, 'SR254', NOW(), NOW(), 'GARDEN_SHED', FALSE, 22),
       (255, 'SR255', NOW(), NOW(), 'LARGE_GARDEN_SHED', FALSE, 22),
       (256, 'SR256', NOW(), NOW(), 'LUTON_VAN', FALSE, 22),
       (257, 'SR257', NOW(), NOW(), 'LARGE_SINGLE_GARAGE', FALSE, 22),
       (258, 'SR258', NOW(), NOW(), 'ONE_AND_HALF_GARAGES', FALSE, 22),
       (259, 'SR259', NOW(), NOW(), 'STANDARD_DOUBLE_GARAGE', FALSE, 22),
       (260, 'SR260', NOW(), NOW(), 'LARGE_DOUBLE_GARAGE', FALSE, 22),
       (261, 'SR261', NOW(), NOW(), 'THREE_SINGLE_GARAGES', FALSE, 22),
       (262, 'SR262', NOW(), NOW(), 'TWO_DOUBLE_GARAGES', FALSE, 22),
       (263, 'SR263', NOW(), NOW(), 'TWO_SHIPPING_CONTAINERS', FALSE, 22),

       (264, 'SR264', NOW(), NOW(), 'TELEPHONE_BOX', FALSE, 23),
       (265, 'SR265', NOW(), NOW(), 'LARGE_WALK_IN_WARDROBE', FALSE, 23),
       (266, 'SR266', NOW(), NOW(), 'GARDEN_SHED', FALSE, 23),
       (267, 'SR267', NOW(), NOW(), 'LARGE_GARDEN_SHED', FALSE, 23),
       (268, 'SR268', NOW(), NOW(), 'LUTON_VAN', FALSE, 23),
       (269, 'SR269', NOW(), NOW(), 'LARGE_SINGLE_GARAGE', FALSE, 23),
       (270, 'SR270', NOW(), NOW(), 'ONE_AND_HALF_GARAGES', FALSE, 23),
       (271, 'SR271', NOW(), NOW(), 'STANDARD_DOUBLE_GARAGE', FALSE, 23),
       (272, 'SR272', NOW(), NOW(), 'LARGE_DOUBLE_GARAGE', FALSE, 23),
       (273, 'SR273', NOW(), NOW(), 'THREE_SINGLE_GARAGES', FALSE, 23),
       (274, 'SR274', NOW(), NOW(), 'TWO_DOUBLE_GARAGES', FALSE, 23),
       (275, 'SR275', NOW(), NOW(), 'TWO_SHIPPING_CONTAINERS', FALSE, 23),

       (276, 'SR276', NOW(), NOW(), 'TELEPHONE_BOX', FALSE, 24),
       (277, 'SR277', NOW(), NOW(), 'LARGE_WALK_IN_WARDROBE', FALSE, 24),
       (278, 'SR278', NOW(), NOW(), 'GARDEN_SHED', FALSE, 24),
       (279, 'SR279', NOW(), NOW(), 'LARGE_GARDEN_SHED', FALSE, 24),
       (280, 'SR280', NOW(), NOW(), 'LUTON_VAN', FALSE, 24),
       (281, 'SR281', NOW(), NOW(), 'LARGE_SINGLE_GARAGE', FALSE, 24),
       (282, 'SR282', NOW(), NOW(), 'ONE_AND_HALF_GARAGES', FALSE, 24),
       (283, 'SR283', NOW(), NOW(), 'STANDARD_DOUBLE_GARAGE', FALSE, 24),
       (284, 'SR284', NOW(), NOW(), 'LARGE_DOUBLE_GARAGE', FALSE, 24),
       (285, 'SR285', NOW(), NOW(), 'THREE_SINGLE_GARAGES', FALSE, 24),
       (286, 'SR286', NOW(), NOW(), 'TWO_DOUBLE_GARAGES', FALSE, 24),
       (287, 'SR287', NOW(), NOW(), 'TWO_SHIPPING_CONTAINERS', FALSE, 24),

       (288, 'SR288', NOW(), NOW(), 'TELEPHONE_BOX', FALSE, 25),
       (289, 'SR289', NOW(), NOW(), 'LARGE_WALK_IN_WARDROBE', FALSE, 25),
       (290, 'SR290', NOW(), NOW(), 'GARDEN_SHED', FALSE, 25),
       (291, 'SR291', NOW(), NOW(), 'LARGE_GARDEN_SHED', FALSE, 25),
       (292, 'SR292', NOW(), NOW(), 'LUTON_VAN', FALSE, 25),
       (293, 'SR293', NOW(), NOW(), 'LARGE_SINGLE_GARAGE', FALSE, 25),
       (294, 'SR294', NOW(), NOW(), 'ONE_AND_HALF_GARAGES', FALSE, 25),
       (295, 'SR295', NOW(), NOW(), 'STANDARD_DOUBLE_GARAGE', FALSE, 25),
       (296, 'SR296', NOW(), NOW(), 'LARGE_DOUBLE_GARAGE', FALSE, 25),
       (297, 'SR297', NOW(), NOW(), 'THREE_SINGLE_GARAGES', FALSE, 25),
       (298, 'SR298', NOW(), NOW(), 'TWO_DOUBLE_GARAGES', FALSE, 25),
       (299, 'SR299', NOW(), NOW(), 'TWO_SHIPPING_CONTAINERS', FALSE, 25),

       (300, 'SR300', NOW(), NOW(), 'TELEPHONE_BOX', FALSE, 26),
       (301, 'SR301', NOW(), NOW(), 'LARGE_WALK_IN_WARDROBE', FALSE, 26),
       (302, 'SR302', NOW(), NOW(), 'GARDEN_SHED', FALSE, 26),
       (303, 'SR303', NOW(), NOW(), 'LARGE_GARDEN_SHED', FALSE, 26),
       (304, 'SR304', NOW(), NOW(), 'LUTON_VAN', FALSE, 26),
       (305, 'SR305', NOW(), NOW(), 'LARGE_SINGLE_GARAGE', FALSE, 26),
       (306, 'SR306', NOW(), NOW(), 'ONE_AND_HALF_GARAGES', FALSE, 26),
       (307, 'SR307', NOW(), NOW(), 'STANDARD_DOUBLE_GARAGE', FALSE, 26),
       (308, 'SR308', NOW(), NOW(), 'LARGE_DOUBLE_GARAGE', FALSE, 26),
       (309, 'SR309', NOW(), NOW(), 'THREE_SINGLE_GARAGES', FALSE, 26),
       (310, 'SR310', NOW(), NOW(), 'TWO_DOUBLE_GARAGES', FALSE, 26),
       (311, 'SR311', NOW(), NOW(), 'TWO_SHIPPING_CONTAINERS', FALSE, 26),

       (312, 'SR312', NOW(), NOW(), 'TELEPHONE_BOX', FALSE, 27),
       (313, 'SR313', NOW(), NOW(), 'LARGE_WALK_IN_WARDROBE', FALSE, 27),
       (314, 'SR314', NOW(), NOW(), 'GARDEN_SHED', FALSE, 27),
       (315, 'SR315', NOW(), NOW(), 'LARGE_GARDEN_SHED', FALSE, 27),
       (316, 'SR316', NOW(), NOW(), 'LUTON_VAN', FALSE, 27),
       (317, 'SR317', NOW(), NOW(), 'LARGE_SINGLE_GARAGE', FALSE, 27),
       (318, 'SR318', NOW(), NOW(), 'ONE_AND_HALF_GARAGES', FALSE, 27),
       (319, 'SR319', NOW(), NOW(), 'STANDARD_DOUBLE_GARAGE', FALSE, 27),
       (320, 'SR320', NOW(), NOW(), 'LARGE_DOUBLE_GARAGE', FALSE, 27),
       (321, 'SR321', NOW(), NOW(), 'THREE_SINGLE_GARAGES', FALSE, 27),
       (322, 'SR322', NOW(), NOW(), 'TWO_DOUBLE_GARAGES', FALSE, 27),
       (323, 'SR323', NOW(), NOW(), 'TWO_SHIPPING_CONTAINERS', FALSE, 27),

       (324, 'SR324', NOW(), NOW(), 'TELEPHONE_BOX', FALSE, 28),
       (325, 'SR325', NOW(), NOW(), 'LARGE_WALK_IN_WARDROBE', FALSE, 28),
       (326, 'SR326', NOW(), NOW(), 'GARDEN_SHED', FALSE, 28),
       (327, 'SR327', NOW(), NOW(), 'LARGE_GARDEN_SHED', FALSE, 28),
       (328, 'SR328', NOW(), NOW(), 'LUTON_VAN', FALSE, 28),
       (329, 'SR329', NOW(), NOW(), 'LARGE_SINGLE_GARAGE', FALSE, 28),
       (330, 'SR330', NOW(), NOW(), 'ONE_AND_HALF_GARAGES', FALSE, 28),
       (331, 'SR331', NOW(), NOW(), 'STANDARD_DOUBLE_GARAGE', FALSE, 28),
       (332, 'SR332', NOW(), NOW(), 'LARGE_DOUBLE_GARAGE', FALSE, 28),
       (333, 'SR333', NOW(), NOW(), 'THREE_SINGLE_GARAGES', FALSE, 28),
       (334, 'SR334', NOW(), NOW(), 'TWO_DOUBLE_GARAGES', FALSE, 28),
       (335, 'SR335', NOW(), NOW(), 'TWO_SHIPPING_CONTAINERS', FALSE, 28),

       (336, 'SR336', NOW(), NOW(), 'TELEPHONE_BOX', FALSE, 29),
       (337, 'SR337', NOW(), NOW(), 'LARGE_WALK_IN_WARDROBE', FALSE, 29),
       (338, 'SR338', NOW(), NOW(), 'GARDEN_SHED', FALSE, 29),
       (339, 'SR339', NOW(), NOW(), 'LARGE_GARDEN_SHED', FALSE, 29),
       (340, 'SR340', NOW(), NOW(), 'LUTON_VAN', FALSE, 29),
       (341, 'SR341', NOW(), NOW(), 'LARGE_SINGLE_GARAGE', FALSE, 29),
       (342, 'SR342', NOW(), NOW(), 'ONE_AND_HALF_GARAGES', FALSE, 29),
       (343, 'SR343', NOW(), NOW(), 'STANDARD_DOUBLE_GARAGE', FALSE, 29),
       (344, 'SR344', NOW(), NOW(), 'LARGE_DOUBLE_GARAGE', FALSE, 29),
       (345, 'SR345', NOW(), NOW(), 'THREE_SINGLE_GARAGES', FALSE, 29),
       (346, 'SR346', NOW(), NOW(), 'TWO_DOUBLE_GARAGES', FALSE, 29),
       (347, 'SR347', NOW(), NOW(), 'TWO_SHIPPING_CONTAINERS', FALSE, 29),

       (348, 'SR348', NOW(), NOW(), 'TELEPHONE_BOX', FALSE, 30),
       (349, 'SR349', NOW(), NOW(), 'LARGE_WALK_IN_WARDROBE', FALSE, 30),
       (350, 'SR350', NOW(), NOW(), 'GARDEN_SHED', FALSE, 30),
       (351, 'SR351', NOW(), NOW(), 'LARGE_GARDEN_SHED', FALSE, 30),
       (352, 'SR352', NOW(), NOW(), 'LUTON_VAN', FALSE, 30),
       (353, 'SR353', NOW(), NOW(), 'LARGE_SINGLE_GARAGE', FALSE, 30),
       (354, 'SR354', NOW(), NOW(), 'ONE_AND_HALF_GARAGES', FALSE, 30),
       (355, 'SR355', NOW(), NOW(), 'STANDARD_DOUBLE_GARAGE', FALSE, 30),
       (356, 'SR356', NOW(), NOW(), 'LARGE_DOUBLE_GARAGE', FALSE, 30),
       (357, 'SR357', NOW(), NOW(), 'THREE_SINGLE_GARAGES', FALSE, 30),
       (358, 'SR358', NOW(), NOW(), 'TWO_DOUBLE_GARAGES', FALSE, 30),
       (359, 'SR359', NOW(), NOW(), 'TWO_SHIPPING_CONTAINERS', FALSE, 30),

       (360, 'SR360', NOW(), NOW(), 'TELEPHONE_BOX', FALSE, 31),
       (361, 'SR361', NOW(), NOW(), 'LARGE_WALK_IN_WARDROBE', FALSE, 31),
       (362, 'SR362', NOW(), NOW(), 'GARDEN_SHED', FALSE, 31),
       (363, 'SR363', NOW(), NOW(), 'LARGE_GARDEN_SHED', FALSE, 31),
       (364, 'SR364', NOW(), NOW(), 'LUTON_VAN', FALSE, 31),
       (365, 'SR365', NOW(), NOW(), 'LARGE_SINGLE_GARAGE', FALSE, 31),
       (366, 'SR366', NOW(), NOW(), 'ONE_AND_HALF_GARAGES', FALSE, 31),
       (367, 'SR367', NOW(), NOW(), 'STANDARD_DOUBLE_GARAGE', FALSE, 31),
       (368, 'SR368', NOW(), NOW(), 'LARGE_DOUBLE_GARAGE', FALSE, 31),
       (369, 'SR369', NOW(), NOW(), 'THREE_SINGLE_GARAGES', FALSE, 31),
       (370, 'SR370', NOW(), NOW(), 'TWO_DOUBLE_GARAGES', FALSE, 31),
       (371, 'SR371', NOW(), NOW(), 'TWO_SHIPPING_CONTAINERS', FALSE, 31),

       (372, 'SR372', NOW(), NOW(), 'TELEPHONE_BOX', FALSE, 32),
       (373, 'SR373', NOW(), NOW(), 'LARGE_WALK_IN_WARDROBE', FALSE, 32),
       (374, 'SR374', NOW(), NOW(), 'GARDEN_SHED', FALSE, 32),
       (375, 'SR375', NOW(), NOW(), 'LARGE_GARDEN_SHED', FALSE, 32),
       (376, 'SR376', NOW(), NOW(), 'LUTON_VAN', FALSE, 32),
       (377, 'SR377', NOW(), NOW(), 'LARGE_SINGLE_GARAGE', FALSE, 32),
       (378, 'SR378', NOW(), NOW(), 'ONE_AND_HALF_GARAGES', FALSE, 32),
       (379, 'SR379', NOW(), NOW(), 'STANDARD_DOUBLE_GARAGE', FALSE, 32),
       (380, 'SR380', NOW(), NOW(), 'LARGE_DOUBLE_GARAGE', FALSE, 32),
       (381, 'SR381', NOW(), NOW(), 'THREE_SINGLE_GARAGES', FALSE, 32),
       (382, 'SR382', NOW(), NOW(), 'TWO_DOUBLE_GARAGES', FALSE, 32),
       (383, 'SR383', NOW(), NOW(), 'TWO_SHIPPING_CONTAINERS', FALSE, 32),

       (384, 'SR384', NOW(), NOW(), 'TELEPHONE_BOX', FALSE, 33),
       (385, 'SR385', NOW(), NOW(), 'LARGE_WALK_IN_WARDROBE', FALSE, 33),
       (386, 'SR386', NOW(), NOW(), 'GARDEN_SHED', FALSE, 33),
       (387, 'SR387', NOW(), NOW(), 'LARGE_GARDEN_SHED', FALSE, 33),
       (389, 'SR389', NOW(), NOW(), 'LUTON_VAN', FALSE, 33),
       (390, 'SR390', NOW(), NOW(), 'LARGE_SINGLE_GARAGE', FALSE, 33),
       (391, 'SR391', NOW(), NOW(), 'ONE_AND_HALF_GARAGES', FALSE, 33),
       (392, 'SR392', NOW(), NOW(), 'STANDARD_DOUBLE_GARAGE', FALSE, 33),
       (393, 'SR393', NOW(), NOW(), 'LARGE_DOUBLE_GARAGE', FALSE, 33),
       (394, 'SR394', NOW(), NOW(), 'THREE_SINGLE_GARAGES', FALSE, 33),
       (395, 'SR395', NOW(), NOW(), 'TWO_DOUBLE_GARAGES', FALSE, 33),
       (396, 'SR396', NOW(), NOW(), 'TWO_SHIPPING_CONTAINERS', FALSE, 33),

       (397, 'SR397', NOW(), NOW(), 'TELEPHONE_BOX', FALSE, 34),
       (398, 'SR398', NOW(), NOW(), 'LARGE_WALK_IN_WARDROBE', FALSE, 34),
       (399, 'SR399', NOW(), NOW(), 'GARDEN_SHED', FALSE, 34),
       (400, 'SR400', NOW(), NOW(), 'LARGE_GARDEN_SHED', FALSE, 34),
       (401, 'SR401', NOW(), NOW(), 'LUTON_VAN', FALSE, 34),
       (402, 'SR402', NOW(), NOW(), 'LARGE_SINGLE_GARAGE', FALSE, 34),
       (403, 'SR403', NOW(), NOW(), 'ONE_AND_HALF_GARAGES', FALSE, 34),
       (404, 'SR404', NOW(), NOW(), 'STANDARD_DOUBLE_GARAGE', FALSE, 34),
       (405, 'SR405', NOW(), NOW(), 'LARGE_DOUBLE_GARAGE', FALSE, 34),
       (406, 'SR406', NOW(), NOW(), 'THREE_SINGLE_GARAGES', FALSE, 34),
       (407, 'SR407', NOW(), NOW(), 'TWO_DOUBLE_GARAGES', FALSE, 34),
       (408, 'SR408', NOW(), NOW(), 'TWO_SHIPPING_CONTAINERS', FALSE, 34),

       (409, 'SR409', NOW(), NOW(), 'TELEPHONE_BOX', FALSE, 35),
       (410, 'SR410', NOW(), NOW(), 'LARGE_WALK_IN_WARDROBE', FALSE, 35),
       (411, 'SR411', NOW(), NOW(), 'GARDEN_SHED', FALSE, 35),
       (412, 'SR412', NOW(), NOW(), 'LARGE_GARDEN_SHED', FALSE, 35),
       (413, 'SR413', NOW(), NOW(), 'LUTON_VAN', FALSE, 35),
       (414, 'SR414', NOW(), NOW(), 'LARGE_SINGLE_GARAGE', FALSE, 35),
       (415, 'SR415', NOW(), NOW(), 'ONE_AND_HALF_GARAGES', FALSE, 35),
       (416, 'SR416', NOW(), NOW(), 'STANDARD_DOUBLE_GARAGE', FALSE, 35),
       (417, 'SR417', NOW(), NOW(), 'LARGE_DOUBLE_GARAGE', FALSE, 35),
       (418, 'SR418', NOW(), NOW(), 'THREE_SINGLE_GARAGES', FALSE, 35),
       (419, 'SR419', NOW(), NOW(), 'TWO_DOUBLE_GARAGES', FALSE, 35),
       (420, 'SR420', NOW(), NOW(), 'TWO_SHIPPING_CONTAINERS', FALSE, 35),

       (421, 'SR421', NOW(), NOW(), 'TELEPHONE_BOX', FALSE, 36),
       (422, 'SR422', NOW(), NOW(), 'LARGE_WALK_IN_WARDROBE', FALSE, 36),
       (423, 'SR423', NOW(), NOW(), 'GARDEN_SHED', FALSE, 36),
       (424, 'SR424', NOW(), NOW(), 'LARGE_GARDEN_SHED', FALSE, 36),
       (425, 'SR425', NOW(), NOW(), 'LUTON_VAN', FALSE, 36),
       (426, 'SR426', NOW(), NOW(), 'LARGE_SINGLE_GARAGE', FALSE, 36),
       (427, 'SR427', NOW(), NOW(), 'ONE_AND_HALF_GARAGES', FALSE, 36),
       (428, 'SR428', NOW(), NOW(), 'STANDARD_DOUBLE_GARAGE', FALSE, 36),
       (429, 'SR429', NOW(), NOW(), 'LARGE_DOUBLE_GARAGE', FALSE, 36),
       (430, 'SR430', NOW(), NOW(), 'THREE_SINGLE_GARAGES', FALSE, 36),
       (431, 'SR431', NOW(), NOW(), 'TWO_DOUBLE_GARAGES', FALSE, 36),
       (432, 'SR432', NOW(), NOW(), 'TWO_SHIPPING_CONTAINERS', FALSE, 36),

       (433, 'SR433', NOW(), NOW(), 'TELEPHONE_BOX', FALSE, 37),
       (434, 'SR434', NOW(), NOW(), 'LARGE_WALK_IN_WARDROBE', FALSE, 37),
       (435, 'SR435', NOW(), NOW(), 'GARDEN_SHED', FALSE, 37),
       (436, 'SR436', NOW(), NOW(), 'LARGE_GARDEN_SHED', FALSE, 37),
       (437, 'SR437', NOW(), NOW(), 'LUTON_VAN', FALSE, 37),
       (438, 'SR438', NOW(), NOW(), 'LARGE_SINGLE_GARAGE', FALSE, 37),
       (439, 'SR439', NOW(), NOW(), 'ONE_AND_HALF_GARAGES', FALSE, 37),
       (440, 'SR440', NOW(), NOW(), 'STANDARD_DOUBLE_GARAGE', FALSE, 37),
       (441, 'SR441', NOW(), NOW(), 'LARGE_DOUBLE_GARAGE', FALSE, 37),
       (442, 'SR442', NOW(), NOW(), 'THREE_SINGLE_GARAGES', FALSE, 37),
       (443, 'SR443', NOW(), NOW(), 'TWO_DOUBLE_GARAGES', FALSE, 37),
       (444, 'SR444', NOW(), NOW(), 'TWO_SHIPPING_CONTAINERS', FALSE, 37),

       (445, 'SR445', NOW(), NOW(), 'TELEPHONE_BOX', FALSE, 38),
       (446, 'SR446', NOW(), NOW(), 'LARGE_WALK_IN_WARDROBE', FALSE, 38),
       (447, 'SR447', NOW(), NOW(), 'GARDEN_SHED', FALSE, 38),
       (448, 'SR448', NOW(), NOW(), 'LARGE_GARDEN_SHED', FALSE, 38),
       (449, 'SR449', NOW(), NOW(), 'LUTON_VAN', FALSE, 38),
       (450, 'SR450', NOW(), NOW(), 'LARGE_SINGLE_GARAGE', FALSE, 38),
       (451, 'SR451', NOW(), NOW(), 'ONE_AND_HALF_GARAGES', FALSE, 38),
       (452, 'SR452', NOW(), NOW(), 'STANDARD_DOUBLE_GARAGE', FALSE, 38),
       (453, 'SR453', NOW(), NOW(), 'LARGE_DOUBLE_GARAGE', FALSE, 38),
       (454, 'SR454', NOW(), NOW(), 'THREE_SINGLE_GARAGES', FALSE, 38),
       (455, 'SR455', NOW(), NOW(), 'TWO_DOUBLE_GARAGES', FALSE, 38),
       (456, 'SR456', NOW(), NOW(), 'TWO_SHIPPING_CONTAINERS', FALSE, 38),

       (457, 'SR457', NOW(), NOW(), 'TELEPHONE_BOX', FALSE, 39),
       (458, 'SR458', NOW(), NOW(), 'LARGE_WALK_IN_WARDROBE', FALSE, 39),
       (459, 'SR459', NOW(), NOW(), 'GARDEN_SHED', FALSE, 39),
       (460, 'SR460', NOW(), NOW(), 'LARGE_GARDEN_SHED', FALSE, 39),
       (461, 'SR461', NOW(), NOW(), 'LUTON_VAN', FALSE, 39),
       (462, 'SR462', NOW(), NOW(), 'LARGE_SINGLE_GARAGE', FALSE, 39),
       (463, 'SR463', NOW(), NOW(), 'ONE_AND_HALF_GARAGES', FALSE, 39),
       (464, 'SR464', NOW(), NOW(), 'STANDARD_DOUBLE_GARAGE', FALSE, 39),
       (465, 'SR465', NOW(), NOW(), 'LARGE_DOUBLE_GARAGE', FALSE, 39),
       (466, 'SR466', NOW(), NOW(), 'THREE_SINGLE_GARAGES', FALSE, 39),
       (467, 'SR467', NOW(), NOW(), 'TWO_DOUBLE_GARAGES', FALSE, 39),
       (468, 'SR468', NOW(), NOW(), 'TWO_SHIPPING_CONTAINERS', FALSE, 39),

       (469, 'SR469', NOW(), NOW(), 'TELEPHONE_BOX', FALSE, 40),
       (470, 'SR470', NOW(), NOW(), 'LARGE_WALK_IN_WARDROBE', FALSE, 40),
       (471, 'SR471', NOW(), NOW(), 'GARDEN_SHED', FALSE, 40),
       (472, 'SR472', NOW(), NOW(), 'LARGE_GARDEN_SHED', FALSE, 40),
       (473, 'SR473', NOW(), NOW(), 'LUTON_VAN', FALSE, 40),
       (474, 'SR474', NOW(), NOW(), 'LARGE_SINGLE_GARAGE', FALSE, 40),
       (475, 'SR475', NOW(), NOW(), 'ONE_AND_HALF_GARAGES', FALSE, 40),
       (476, 'SR476', NOW(), NOW(), 'STANDARD_DOUBLE_GARAGE', FALSE, 40),
       (477, 'SR477', NOW(), NOW(), 'LARGE_DOUBLE_GARAGE', FALSE, 40),
       (478, 'SR478', NOW(), NOW(), 'THREE_SINGLE_GARAGES', FALSE, 40),
       (479, 'SR479', NOW(), NOW(), 'TWO_DOUBLE_GARAGES', FALSE, 40),
       (480, 'SR480', NOW(), NOW(), 'TWO_SHIPPING_CONTAINERS', FALSE, 40),

       (481, 'SR481', NOW(), NOW(), 'TELEPHONE_BOX', FALSE, 41),
       (482, 'SR482', NOW(), NOW(), 'LARGE_WALK_IN_WARDROBE', FALSE, 41),
       (483, 'SR483', NOW(), NOW(), 'GARDEN_SHED', FALSE, 41),
       (484, 'SR484', NOW(), NOW(), 'LARGE_GARDEN_SHED', FALSE, 41),
       (485, 'SR485', NOW(), NOW(), 'LUTON_VAN', FALSE, 41),
       (486, 'SR486', NOW(), NOW(), 'LARGE_SINGLE_GARAGE', FALSE, 41),
       (487, 'SR487', NOW(), NOW(), 'ONE_AND_HALF_GARAGES', FALSE, 41),
       (488, 'SR488', NOW(), NOW(), 'STANDARD_DOUBLE_GARAGE', FALSE, 41),
       (489, 'SR489', NOW(), NOW(), 'LARGE_DOUBLE_GARAGE', FALSE, 41),
       (490, 'SR490', NOW(), NOW(), 'THREE_SINGLE_GARAGES', FALSE, 41),
       (491, 'SR491', NOW(), NOW(), 'TWO_DOUBLE_GARAGES', FALSE, 41),
       (492, 'SR492', NOW(), NOW(), 'TWO_SHIPPING_CONTAINERS', FALSE, 41),

       (493, 'SR493', NOW(), NOW(), 'TELEPHONE_BOX', FALSE, 42),
       (494, 'SR494', NOW(), NOW(), 'LARGE_WALK_IN_WARDROBE', FALSE, 42),
       (495, 'SR495', NOW(), NOW(), 'GARDEN_SHED', FALSE, 42),
       (496, 'SR496', NOW(), NOW(), 'LARGE_GARDEN_SHED', FALSE, 42),
       (497, 'SR497', NOW(), NOW(), 'LUTON_VAN', FALSE, 42),
       (498, 'SR498', NOW(), NOW(), 'LARGE_SINGLE_GARAGE', FALSE, 42),
       (499, 'SR499', NOW(), NOW(), 'ONE_AND_HALF_GARAGES', FALSE, 42),
       (500, 'SR500', NOW(), NOW(), 'STANDARD_DOUBLE_GARAGE', FALSE, 42),
       (501, 'SR501', NOW(), NOW(), 'LARGE_DOUBLE_GARAGE', FALSE, 42),
       (502, 'SR502', NOW(), NOW(), 'THREE_SINGLE_GARAGES', FALSE, 42),
       (503, 'SR503', NOW(), NOW(), 'TWO_DOUBLE_GARAGES', FALSE, 42),
       (504, 'SR504', NOW(), NOW(), 'TWO_SHIPPING_CONTAINERS', FALSE, 42);